Workbook

Sheet תוכנית יעדים אוגוסט
A1: תוכנית יעדים – אוגוסט | משקאות אנרגיה בלו
A2: אחוז גידול יעד: | B2: 0.25 | C2: בסיס: מכירות בפועל אוגוסט 2025 (₪). יעד = בסיס × (1 + אחוז גידול).
A4: שם סוכן | B4: מכירות אוגוסט 2025 (בסיס ₪) | C4: יעד אוגוסט 2026 (₪) | D4: בפועל אוגוסט 2026 עד כה (₪) | E4: פער ליעד (₪) | F4: % עמידה ביעד
A5: נחמן | B5: 35899 | C5: =B5*(1+$B$2) -> 44873.75 | D5: 15613 | E5: =D5-C5 -> -29260.75 | F5: =IF(C5=0,0,D5/C5) -> 0.3479317
A6: אלון | B6: 24044 | C6: =B6*(1+$B$2) -> 30055 | D6: 3237 | E6: =D6-C6 -> -26818 | F6: =IF(C6=0,0,D6/C6) -> 0.10770255
A7: רפי | B7: 18997 | C7: =B7*(1+$B$2) -> 23746.25 | D7: 8678 | E7: =D7-C7 -> -15068.25 | F7: =IF(C7=0,0,D7/C7) -> 0.36544718
A8: יהונתן ודב | B8: 17718 | C8: =B8*(1+$B$2) -> 22147.5 | D8: 0 | E8: =D8-C8 -> -22147.5 | F8: =IF(C8=0,0,D8/C8) -> 0
A9: ירין | B9: 17529 | C9: =B9*(1+$B$2) -> 21911.25 | D9: 4971 | E9: =D9-C9 -> -16940.25 | F9: =IF(C9=0,0,D9/C9) -> 0.22686976
A10: אלרואי | B10: 13955 | C10: =B10*(1+$B$2) -> 17443.75 | D10: 3989 | E10: =D10-C10 -> -13454.75 | F10: =IF(C10=0,0,D10/C10) -> 0.22867789
A11: אוראל | B11: 11819 | C11: =B11*(1+$B$2) -> 14773.75 | D11: 4490 | E11: =D11-C11 -> -10283.75 | F11: =IF(C11=0,0,D11/C11) -> 0.30391742
A12: אייל | B12: 11716 | C12: =B12*(1+$B$2) -> 14645 | D12: 3925 | E12: =D12-C12 -> -10720 | F12: =IF(C12=0,0,D12/C12) -> 0.26800956
A13: ישראל | B13: 11063 | C13: =B13*(1+$B$2) -> 13828.75 | D13: 8476 | E13: =D13-C13 -> -5352.75 | F13: =IF(C13=0,0,D13/C13) -> 0.61292597
A14: צחי | B14: 10514 | C14: =B14*(1+$B$2) -> 13142.5 | D14: 3293 | E14: =D14-C14 -> -9849.5 | F14: =IF(C14=0,0,D14/C14) -> 0.25056116
A15: נדב | B15: 9496 | C15: =B15*(1+$B$2) -> 11870 | D15: 5433 | E15: =D15-C15 -> -6437 | F15: =IF(C15=0,0,D15/C15) -> 0.45770851
A16: בני | B16: 9072 | C16: =B16*(1+$B$2) -> 11340 | D16: 3425 | E16: =D16-C16 -> -7915 | F16: =IF(C16=0,0,D16/C16) -> 0.30202822
... A27: 38 | B27: 1247 | C27: =B27*(1+$B$2) -> 1558.75 | D27: 1247 | E27: =D27-C27 -> -311.75 | F27: =IF(C27=0,0,D27/C27) -> 0.8
A28: סה"כ | B28: =SUM(B5:B27) -> 244432 | C28: =SUM(C5:C27) -> 305540 | D28: =SUM(D5:D27) -> 84829 | E28: =SUM(E5:E27) -> -220711 | F28: =IF(C28=0,0,D28/C28) -> 0.27763632
A30: הערה: נתוני אוגוסט 2026 חלקיים (הדוח הופק ב-11/08/2026); "% עמידה ביעד" יעלה ככל שנצברות מכירות עד סוף החודש. תא כתום = הבסיס מבוסס מכירות 2026 (אין לסוכן מכירות ב-2025).

Sheet תחזית עמידה ביעד
A1: תחזית עמידה ביעד – יולי–אוגוסט | משקאות אנרגיה בלו
A2: ימים שחלפו באוגוסט: | B2: 11 | C2: סה"כ ימים בחודש: | D2: 31 | E2: אחוז גידול יעד: | F2: 0.25
A3: תחזית = מכירות יולי 2026 + (מכירות אוגוסט 2026 עד כה × ימים בחודש / ימים שחלפו). התאים הצהובים ניתנים לשינוי.
A5: שם סוכן | B5: בסיס 2025 (₪) | C5: יעד 2026 (₪) | D5: יולי 2026 (₪) | E5: אוגוסט עד כה (₪) | F5: תחזית סוף תקופה (₪) | G5: % צפוי מהיעד | H5: הערכה
A6: נחמן | B6: 67046 | C6: =B6*(1+$F$2) -> 83807.5 | D6: 33834 | E6: 15613 | F6: =D6+E6*$D$2/$B$2 -> 77834.273 | G6: =IF(C6=0,0,F6/C6) -> 0.92872682 | H6: =IF(G6>=1,"צפוי לעמוד",IF(G6>=0.85,"על הגבול","בסיכון")) -> על הגבול
A7: ישראל | B7: 23753 | C7: =B7*(1+$F$2) -> 29691.25 | D7: 25838 | E7: 8476 | F7: =D7+E7*$D$2/$B$2 -> 49724.909 | G7: =IF(C7=0,0,F7/C7) -> 1.6747328 | H7: =IF(G7>=1,"צפוי לעמוד",IF(G7>=0.85,"על הגבול","בסיכון")) -> צפוי לעמוד
A8: רפי | B8: 40728 | C8: =B8*(1+$F$2) -> 50910 | D8: 21161 | E8: 8678 | F8: =D8+E8*$D$2/$B$2 -> 45617.182 | G8: =IF(C8=0,0,F8/C8) -> 0.89603579 | H8: =IF(G8>=1,"צפוי לעמוד",IF(G8>=0.85,"על הגבול","בסיכון")) -> על הגבול
A9: אלון | B9: 48506 | C9: =B9*(1+$F$2) -> 60632.5 | D9: 28348 | E9: 3237 | F9: =D9+E9*$D$2/$B$2 -> 37470.455 | G9: =IF(C9=0,0,F9/C9) -> 0.6179929 | H9: =IF(G9>=1,"צפוי לעמוד",IF(G9>=0.85,"על הגבול","בסיכון")) -> בסיכון
A10: אוראל | B10: 26356 | C10: =B10*(1+$F$2) -> 32945 | D10: 15685 | E10: 4490 | F10: =D10+E10*$D$2/$B$2 -> 28338.636 | G10: =IF(C10=0,0,F10/C10) -> 0.86018019 | H10: =IF(G10>=1,"צפוי לעמוד",IF(G10>=0.85,"על הגבול","בסיכון")) -> על הגבול
A11: נדב | B11: 16981 | C11: =B11*(1+$F$2) -> 21226.25 | D11: 10915 | E11: 5433 | F11: =D11+E11*$D$2/$B$2 -> 26226.182 | G11: =IF(C11=0,0,F11/C11) -> 1.2355542 | H11: =IF(G11>=1,"צפוי לעמוד",IF(G11>=0.85,"על הגבול","בסיכון")) -> צפוי לעמוד
A12: רמי | B12: 23836 | C12: =B12*(1+$F$2) -> 29795 | D12: 8024 | E12: 5505 | F12: =D12+E12*$D$2/$B$2 -> 23538.091 | G12: =IF(C12=0,0,F12/C12) -> 0.79000137 | H12: =IF(G12>=1,"צפוי לעמוד",IF(G12>=0.85,"על הגבול","בסיכון")) -> בסיכון
A13: אייל | B13: 25525 | C13: =B13*(1+$F$2) -> 31906.25 | D13: 12169 | E13: 3925 | F13: =D13+E13*$D$2/$B$2 -> 23230.364 | G13: =IF(C13=0,0,F13/C13) -> 0.72808192 | H13: =IF(G13>=1,"צפוי לעמוד",IF(G13>=0.85,"על הגבול","בסיכון")) -> בסיכון
A14: ירין | B14: 39812 | C14: =B14*(1+$F$2) -> 49765 | D14: 9145 | E14: 4971 | F14: =D14+E14*$D$2/$B$2 -> 23154.182 | G14: =IF(C14=0,0,F14/C14) -> 0.46527041 | H14: =IF(G14>=1,"צפוי לעמוד",IF(G14>=0.85,"על הגבול","בסיכון")) -> בסיכון
A15: בני | B15: 21063 | C15: =B15*(1+$F$2) -> 26328.75 | D15: 12581 | E15: 3425 | F15: =D15+E15*$D$2/$B$2 -> 22233.273 | G15: =IF(C15=0,0,F15/C15) -> 0.84444847 | H15: =IF(G15>=1,"צפוי לעמוד",IF(G15>=0.85,"על הגבול","בסיכון")) -> בסיכון
A16: אלרואי | B16: 26966 | C16: =B16*(1+$F$2) -> 33707.5 | D16: 10352 | E16: 3989 | F16: =D16+E16*$D$2/$B$2 -> 21593.727 | G16: =IF(C16=0,0,F16/C16) -> 0.64062085 | H16: =IF(G16>=1,"צפוי לעמוד",IF(G16>=0.85,"על הגבול","בסיכון")) -> בסיכון
A17: צחי | B17: 19279 | C17: =B17*(1+$F$2) -> 24098.75 | D17: 9305 | E17: 3293 | F17: =D17+E17*$D$2/$B$2 -> 18585.273 | G17: =IF(C17=0,0,F17/C17) -> 0.77121314 | H17: =IF(G17>=1,"צפוי לעמוד",IF(G17>=0.85,"על הגבול","בסיכון")) -> בסיכון
... A28: 36 | B28: 5512 | C28: =B28*(1+$F$2) -> 6890 | D28: 2496 | E28: 240 | F28: =D28+E28*$D$2/$B$2 -> 3172.3636 | G28: =IF(C28=0,0,F28/C28) -> 0.46043014 | H28: =IF(G28>=1,"צפוי לעמוד",IF(G28>=0.85,"על הגבול","בסיכון")) -> בסיכון
A29: סה"כ | B29: =SUM(B6:B28) -> 523293 | C29: =SUM(C6:C28) -> 654116.25 | D29: =SUM(D6:D28) -> 264280 | E29: =SUM(E6:E28) -> 84829 | F29: =SUM(F6:F28) -> 503343.55 | G29: =IF(C29=0,0,F29/C29) -> 0.76950167 | H29: =COUNTIF(H6:H28,"צפוי לעמוד")&" מתוך "&COUNTA(A6:A28) -> 5 מתוך 23
A31: מקרא: ירוק = צפוי לעמוד ביעד · צהוב = על הגבול (85%–100%) · אדום = בסיכון (מתחת ל-85%). התחזית מניחה קצב מכירות אחיד; שינוי "ימים שחלפו" יעדכן את כל התחזיות. תא כתום = הבסיס מבוסס מכירות 2026 (אין לסוכן מכירות ב-2025).

Sheet גרף לפי סוכן
A1: עמידה ביעד לפי סוכן – יעד מול תחזית סוף תקופה (₪)

Sheet יעדים לפי סוכן
A1: יעדי מכירות – משקאות אנרגיה בלו | תקופה: יולי–אוגוסט
A2: אחוז גידול יעד: | B2: 0.25 | C2: בסיס: מכירות בפועל יולי–אוגוסט 2025 (₪). יעד = בסיס × (1 + אחוז גידול).
A4: שם סוכן | B4: מכירות 2025 (בסיס ₪) | C4: יעד 2026 (₪) | D4: בפועל 2026 עד כה (₪) | E4: פער ליעד (₪) | F4: % עמידה ביעד
A5: נחמן | B5: 67046 | C5: =B5*(1+$B$2) -> 83807.5 | D5: 49447 | E5: =D5-C5 -> -34360.5 | F5: =IF(C5=0,0,D5/C5) -> 0.59000686
A6: אלון | B6: 48506 | C6: =B6*(1+$B$2) -> 60632.5 | D6: 31585 | E6: =D6-C6 -> -29047.5 | F6: =IF(C6=0,0,D6/C6) -> 0.52092525
A7: רפי | B7: 40728 | C7: =B7*(1+$B$2) -> 50910 | D7: 29839 | E7: =D7-C7 -> -21071 | F7: =IF(C7=0,0,D7/C7) -> 0.58611275
A8: ירין | B8: 39812 | C8: =B8*(1+$B$2) -> 49765 | D8: 14116 | E8: =D8-C8 -> -35649 | F8: =IF(C8=0,0,D8/C8) -> 0.28365317
A9: יהונתן ודב | B9: 35407 | C9: =B9*(1+$B$2) -> 44258.75 | D9: 4526 | E9: =D9-C9 -> -39732.75 | F9: =IF(C9=0,0,D9/C9) -> 0.10226226
A10: אלרואי | B10: 26966 | C10: =B10*(1+$B$2) -> 33707.5 | D10: 14341 | E10: =D10-C10 -> -19366.5 | F10: =IF(C10=0,0,D10/C10) -> 0.42545428
A11: אוראל | B11: 26356 | C11: =B11*(1+$B$2) -> 32945 | D11: 20175 | E11: =D11-C11 -> -12770 | F11: =IF(C11=0,0,D11/C11) -> 0.61238428
A12: אייל | B12: 25525 | C12: =B12*(1+$B$2) -> 31906.25 | D12: 16094 | E12: =D12-C12 -> -15812.25 | F12: =IF(C12=0,0,D12/C12) -> 0.50441528
A13: רמי | B13: 23836 | C13: =B13*(1+$B$2) -> 29795 | D13: 13529 | E13: =D13-C13 -> -16266 | F13: =IF(C13=0,0,D13/C13) -> 0.45406947
A14: ישראל | B14: 23753 | C14: =B14*(1+$B$2) -> 29691.25 | D14: 34314 | E14: =D14-C14 -> 4622.75 | F14: =IF(C14=0,0,D14/C14) -> 1.155694
A15: אדם | B15: 22300 | C15: =B15*(1+$B$2) -> 27875 | D15: 12726 | E15: =D15-C15 -> -15149 | F15: =IF(C15=0,0,D15/C15) -> 0.45653812
A16: בני | B16: 21063 | C16: =B16*(1+$B$2) -> 26328.75 | D16: 16006 | E16: =D16-C16 -> -10322.75 | F16: =IF(C16=0,0,D16/C16) -> 0.6079286
... A27: 38 | B27: 11169 | C27: =B27*(1+$B$2) -> 13961.25 | D27: 11169 | E27: =D27-C27 -> -2792.25 | F27: =IF(C27=0,0,D27/C27) -> 0.8
A28: סה"כ | B28: =SUM(B5:B27) -> 523293 | C28: =SUM(C5:C27) -> 654116.25 | D28: =SUM(D5:D27) -> 349109 | E28: =SUM(E5:E27) -> -305007.25 | F28: =IF(C28=0,0,D28/C28) -> 0.53371094
A30: הערה: נתוני אוגוסט 2026 חלקיים (הדוח הופק ב-11/08/2026); "% עמידה ביעד" מתעדכן ככל שנצברות מכירות. תא כתום = הבסיס מבוסס מכירות 2026 (אין לסוכן מכירות ב-2025).

Sheet פירוט לפי סוכן ופריט
A1: יעדים לפי סוכן ופריט – 25% גידול על בסיס יולי–אוגוסט 2025
A3: שם סוכן | B3: מפתח פריט | C3: שם פריט | D3: כמות 2025 | E3: מכירות 2025 (₪) | F3: יעד כמות 2026 | G3: יעד מכירות 2026 (₪) | H3: מכירות בפועל 2026 (₪)
A4: נחמן | B4: 144004 | C4: בלו אנרגיה רגיל 250 מ"ל (כחול) BLU 1/24 | D4: 517 | E4: 23499 | F4: =D4*(1+'יעדים לפי סוכן'!$B$2) -> 646.25 | G4: =E4*(1+'יעדים לפי סוכן'!$B$2) -> 29373.75 | H4: 1667
A5: נחמן | B5: 144008 | C5: בלו דיי אנרגיה (תכלת) DAY 250 מ"ל 1/24 | D5: 423 | E5: 20752 | F5: =D5*(1+'יעדים לפי סוכן'!$B$2) -> 528.75 | G5: =E5*(1+'יעדים לפי סוכן'!$B$2) -> 25940 | H5: 10906
A6: נחמן | B6: 144020 | C6: בלו אנרגיה אקזוטיק (ירוק בהיר) 250מ 1/24 | D6: 171 | E6: 8260 | F6: =D6*(1+'יעדים לפי סוכן'!$B$2) -> 213.75 | G6: =E6*(1+'יעדים לפי סוכן'!$B$2) -> 10325 | H6: 4092
A7: נחמן | B7: 144016 | C7: בלו אנרגיה אבטיח 1/24 250 מ"ל (ירוק) BLU - | D7: 161 | E7: 7929 | F7: =D7*(1+'יעדים לפי סוכן'!$B$2) -> 201.25 | G7: =E7*(1+'יעדים לפי סוכן'!$B$2) -> 9911.25 | H7: 4978
A8: נחמן | B8: 144012 | C8: בלו אנרגיה מוחיטו 250 מ"ל (שחור) 1/24 | D8: 137 | E8: 6606 | F8: =D8*(1+'יעדים לפי סוכן'!$B$2) -> 171.25 | G8: =E8*(1+'יעדים לפי סוכן'!$B$2) -> 8257.5 | H8: 4917
A9: נחמן | B9: 144005 | C9: בלו מונדיאל רגיל 250 מ"ל (כחול) BLU 1/24 | D9: 0 | E9: 0 | F9: =D9*(1+'יעדים לפי סוכן'!$B$2) -> 0 | G9: =E9*(1+'יעדים לפי סוכן'!$B$2) -> 0 | H9: 14315
A10: נחמן | B10: 144010 | C10: בלו אנרגיה דיי ענבים (סגול) DAY 250 מ"ל 1/24 | D10: 0 | E10: 0 | F10: =D10*(1+'יעדים לפי סוכן'!$B$2) -> 0 | G10: =E10*(1+'יעדים לפי סוכן'!$B$2) -> 0 | H10: 2360
A11: נחמן | B11: 144028 | C11: בלו אנרגיה קרנברי (אדום) 250 מ"ל 1/24 | D11: 0 | E11: 0 | F11: =D11*(1+'יעדים לפי סוכן'!$B$2) -> 0 | G11: =E11*(1+'יעדים לפי סוכן'!$B$2) -> 0 | H11: 1684
A12: נחמן | B12: 144024 | C12: בלו רגיל אנרגיה ללא סוכר 6 קלוריות 250 מ"ל (אדום) 1/24 | D12: 0 | E12: 0 | F12: =D12*(1+'יעדים לפי סוכן'!$B$2) -> 0 | G12: =E12*(1+'יעדים לפי סוכן'!$B$2) -> 0 | H12: 982
A13: נחמן | B13: 144050 | C13: בלו אנרגיה רגיל 150 מ"ל 1/24 (כחול) | D13: 0 | E13: 0 | F13: =D13*(1+'יעדים לפי סוכן'!$B$2) -> 0 | G13: =E13*(1+'יעדים לפי סוכן'!$B$2) -> 0 | H13: 1311
A14: נחמן | B14: 144051 | C14: בלו דיי אנרגיה 150 מ"ל 1/24 (תכלת) | D14: 0 | E14: 0 | F14: =D14*(1+'יעדים לפי סוכן'!$B$2) -> 0 | G14: =E14*(1+'יעדים לפי סוכן'!$B$2) -> 0 | H14: 1378
A15: נחמן | B15: 144052 | C15: בלו מוחיטו אנרגיה 150 מ"ל 1/24 (שחור) | D15: 0 | E15: 0 | F15: =D15*(1+'יעדים לפי סוכן'!$B$2) -> 0 | G15: =E15*(1+'יעדים לפי סוכן'!$B$2) -> 0 | H15: 857
... A239: 38 | B239: 144024 | C239: בלו רגיל אנרגיה ללא סוכר 6 קלוריות 250 מ"ל (אדום) 1/24 | D239: 0 | E239: 0 | F239: =D239*(1+'יעדים לפי סוכן'!$B$2) -> 0 | G239: =E239*(1+'יעדים לפי סוכן'!$B$2) -> 0 | H239: 49
A240: סה"כ | D240: =SUM(D4:D239) -> 10472 | E240: =SUM(E4:E239) -> 512124 | F240: =SUM(F4:F239) -> 13090 | G240: =SUM(G4:G239) -> 640155 | H240: =SUM(H4:H239) -> 349109
